<?xml version="1.0" encoding="UTF-8"?>
<project-private xmlns="http://www.netbeans.org/ns/project-private/1">
    <editor-bookmarks xmlns="http://www.netbeans.org/ns/editor-bookmarks/2" lastBookmarkId="0"/>
    <open-files xmlns="http://www.netbeans.org/ns/projectui-open-files/2">
        <group>
            <file>file:/C:/Users/S538362/Documents/NetBeansProjects/exam2p3/src/exam2p3/Exam2p3.java</file>
            <file>file:/C:/Users/S538362/Documents/NetBeansProjects/exam2p3/src/exam2p3/randomDomain.java</file>
        </group>
    </open-files>
</project-private>
