<?xml version="1.0" encoding="UTF-8"?>
<project-private xmlns="http://www.netbeans.org/ns/project-private/1">
    <editor-bookmarks xmlns="http://www.netbeans.org/ns/editor-bookmarks/2" lastBookmarkId="0"/>
    <open-files xmlns="http://www.netbeans.org/ns/projectui-open-files/2">
        <group>
            <file>file:/C:/Users/S538362/Documents/NetBeansProjects/HarishThadkaExam1/src/stackQueueHash/PlayerDriver.java</file>
            <file>file:/C:/Users/S538362/Documents/NetBeansProjects/HarishThadkaExam1/src/mapSetList/Song.java</file>
            <file>file:/C:/Users/S538362/Documents/NetBeansProjects/HarishThadkaExam1/src/stackQueueHash/Hashifier.java</file>
            <file>file:/C:/Users/S538362/Documents/NetBeansProjects/HarishThadkaExam1/src/stackQueueHash/Player.java</file>
            <file>file:/C:/Users/S538362/Documents/NetBeansProjects/HarishThadkaExam1/src/mapSetList/SongList.java</file>
            <file>file:/C:/Users/S538362/Documents/NetBeansProjects/HarishThadkaExam1/src/heapsBST/treeEssay.txt</file>
            <file>file:/C:/Users/S538362/Documents/NetBeansProjects/HarishThadkaExam1/src/mapSetList/SongDriver.java</file>
            <file>file:/C:/Users/S538362/Documents/NetBeansProjects/HarishThadkaExam1/src/stackQueueHash/CardGame.java</file>
        </group>
    </open-files>
</project-private>
