<?xml version="1.0" encoding="UTF-8"?>
<project-private xmlns="http://www.netbeans.org/ns/project-private/1">
    <editor-bookmarks xmlns="http://www.netbeans.org/ns/editor-bookmarks/2" lastBookmarkId="0"/>
    <open-files xmlns="http://www.netbeans.org/ns/projectui-open-files/2">
        <group>
            <file>file:/C:/Users/S538362/Documents/NetBeansProjects/ThadkaAssignment01/src/stacksanddeques/AStack.java</file>
            <file>file:/C:/Users/S538362/Documents/NetBeansProjects/ThadkaAssignment01/src/linkedlist/Student.java</file>
            <file>file:/C:/Users/S538362/Documents/NetBeansProjects/ThadkaAssignment01/src/linkedlist/StudentOperations.java</file>
            <file>file:/C:/Users/S538362/Documents/NetBeansProjects/ThadkaAssignment01/src/stacksanddeques/BooksStack.java</file>
            <file>file:/C:/Users/S538362/Documents/NetBeansProjects/ThadkaAssignment01/src/linkedlist/StudentDriver.java</file>
            <file>file:/C:/Users/S538362/Documents/NetBeansProjects/ThadkaAssignment01/src/stacksanddeques/Book.java</file>
            <file>file:/C:/Users/S538362/Documents/NetBeansProjects/ThadkaAssignment01/src/stacksanddeques/GreetingsStack.java</file>
            <file>file:/C:/Users/S538362/Documents/NetBeansProjects/ThadkaAssignment01/src/queue/queueDriver.java</file>
        </group>
    </open-files>
</project-private>
